,Symbols
0,NVDA
1,GOOGL
2,GOOG
3,AAPL
4,MSFT
5,AMZN
6,VTI
7,TSM
8,AVGO
9,VOO
10,TSLA
11,META
12,MU
13,LLY
14,WMT
15,JPM
16,IVV
17,AMD
18,SPY
19,ASML
20,VXUS
21,INTC
22,V
23,XOM
24,JNJ
25,ORCL
26,QQQ
27,CSCO
28,LRCX
29,AMAT
30,COST
31,MA
32,CAT
33,ABBV
34,BAC
35,BND
36,VUG
37,CVX
38,UNH
39,KO
40,GE
41,PG
42,NFLX
43,MS
44,KLAC
45,HD
46,HSBC
47,VEA
48,GS
49,PLTR
50,MRK
51,NVS
52,PM
53,RY
54,AZN
55,TXN
56,BABA
57,DELL
58,WFC
59,IBM
60,RTX
61,VTV
62,MRVL
63,LIN
64,C
65,SHEL
66,BHP
67,TM
68,PANW
69,MUFG
70,QCOM
71,AXP
72,VO
73,STX
74,ANET
75,TMUS
76,ADI
77,MCD
78,VZ
79,PEP
80,TTE
81,NVO
82,WDC
83,TD
84,SAP
85,AMGN
86,APH
87,IEFA
88,TJX
89,SAN
90,VB
91,NEE
92,TMO
93,CRWD
94,DIS
95,BA
96,RIO
97,VGT
98,BLK
99,APP
100,T
101,VWO
102,IEMG
103,UNP
104,UBS
105,BUD
106,SCHW
107,SCCO
108,GILD
109,DE
110,SMFG
111,GLW
112,IBKR
113,ABT
114,ETN
115,WELL
116,GLD
117,BX
118,PFE
119,ISRG
120,COP
121,SHOP
122,UBER
123,HON
124,PLD
125,AGG
126,CRM
127,BTI
128,IWF
129,CVS
130,BBVA
131,BKNG
132,VIG
133,UL
134,DHR
135,CB
136,LMT
137,XLK
138,HDB
139,SPGI
140,LOW
141,ENB
142,BNDX
143,SONY
144,MO
145,SYK
146,IJH
147,PGR
148,PBR
149,MFG
150,BMO
151,SBUX
152,BMY
153,VRT
154,PDD
155,COF
156,PH
157,VRTX
158,BP
159,FTNT
160,NEM
161,GSK
162,PWR
163,CDNS
164,MAR
165,SO
166,SNY
167,HWM
168,NOW
169,ACN
170,EQIX
171,CM
172,IJR
173,BNS
174,MDT
175,TT
176,BN
177,IBN
178,SPOT
179,FCX
180,DUK
181,GD
182,CME
183,SPLG
184,QQQM
185,VYM
186,PNC
187,VT
188,SCHD
189,CNQ
190,VEU
191,MCK
192,BK
193,VXF
194,ITOT
195,UPS
196,USB
197,CMI
198,MNST
199,CEG
200,ADP
201,EQNR
202,KKR
203,RSP
204,JCI
205,CSX
206,WMB
207,WM
208,ITUB
209,ELV
210,CMCSA
211,AMT
212,SNPS
213,ING
214,BCS
215,HCA
216,SLB
217,HOOD
218,ASX
219,AMX
220,SPG
221,NOK
222,MMM
223,ADBE
224,DDOG
225,NGG
226,AEM
227,NET
228,IWM
229,MDLZ
230,FDX
231,SNOW
232,NTES
233,EPD
234,MELI
235,EMR
236,LYG
237,CP
238,ICE
239,RCL
240,CI
241,HLT
242,ABNB
243,E
244,SHW
245,MCO
246,NOC
247,MPWR
248,EFA
249,APO
250,ROST
251,NXPI
252,MPC
253,VLO
254,IVW
255,INTU
256,IWD
257,ORLY
258,COHR
259,BAM
260,VV
261,ECL
262,ITW
263,BE
264,GM
265,EOG
266,SU
267,SCHX
268,TRP
269,CNI
270,PSX
271,LITE
272,AON
273,CL
274,CRH
275,KMI
276,CTAS
277,NSC
278,VTIP
279,BSV
280,AEP
281,CVNA
282,TDG
283,IAU
284,VNQ
285,BSX
286,VCIT
287,STM
288,MSI
289,SMH
290,WBD
291,B
292,URI
293,MFC
294,VALE
295,NKE
296,SCHF
297,FIX
298,NWG
299,DLR
300,ET
301,DASH
302,VBR
303,TRV
304,RSG
305,TFC
306,REGN
307,RKLB
308,HPE
309,DB
310,CIEN
311,TER
312,APD
313,BKR
314,RACE
315,PCAR
316,GWW
317,TGT
318,TEL
319,SCHG
320,NUE
321,SRE
322,IMO
323,AFL
324,KEYS
325,D
326,RELX
327,NU
328,F
329,TRGP
330,O
331,IXUS
332,CARR
333,MPLX
334,LHX
335,PSA
336,MET
337,OKE
338,ALL
339,OXY
340,AJG
341,ARGX
342,FLEX
343,VONG
344,IWR
345,DAL
346,UMC
347,FANG
348,SPYG
349,MT
350,FAST
351,WPM
352,CVE
353,CAH
354,DVN
355,BIV
356,AME
357,MCHP
358,ROK
359,ODFL
360,AZO
361,EA
362,CTVA
363,ETR
364,SE
365,LNG
366,VCSH
367,ABEV
368,NDAQ
369,TAK
370,VST
371,FITB
372,XEL
373,VGIT
374,XLF
375,EW
376,IWB
377,IEF
378,IVE
379,EBAY
380,VTEB
381,INFY
382,EXC
383,QUAL
384,DFAC
385,STT
386,HEI
387,CRDO
388,BIL
389,GRMN
390,VBK
391,HUM
392,DEO
393,ON
394,CLS
395,WAB
396,MUB
397,DIA
398,GFS
399,FERG
400,JEPI
401,ARES
402,IDXX
403,FMX
404,CCEP
405,CCJ
406,MSTR
407,DHI
408,AU
409,MSCI
410,SCHB
411,KDP
412,TLT
413,YUM
414,SLF
415,COIN
416,ADSK
417,GOVT
418,CMG
419,AMP
420,VTR
421,SPDW
422,ERIC
423,STLD
424,JBL
425,BSBR
426,DGRO
427,CCL
428,FNV
429,TEVA
430,HLN
431,BDX
432,CCI
433,AIG
434,LYV
435,ESLT
436,KR
437,TQQQ
438,IUSB
439,PEG
440,ED
441,WCN
442,JEPQ
443,BIDU
444,TTWO
445,CBRE
446,MBB
447,ADM
448,XLE
449,JD
450,JPST
451,SOXX
452,XLV
453,KB
454,VGK
455,CUK
456,SYY
457,IRM
458,ALNY
459,PRU
460,UAL
461,PCG
462,VMC
463,BBD
464,RKT
465,WEC
466,HSY
467,SLV
468,A
469,EME
470,VOE
471,PYPL
472,PAYX
473,VOD
474,CHT
475,UI
476,AXON
477,TRI
478,HIG
479,HBAN
480,SPYV
481,CGDV
482,MGK
483,WAT
484,MLM
485,HMC
486,QSR
487,EC
488,MTB
489,KMB
490,VGSH
491,ROP
492,VOT
493,LVS
494,ZTS
495,EXR
496,PUK
497,CASY
498,HAL
499,SATS
500,ACWI
501,RVMD
502,GFI
503,ALC
504,IUSG
505,EQT
506,NTR
507,EL
508,WDAY
509,NTRS
510,CNC
511,ACGL
512,ASTS
513,TECK
514,TS
515,NTAP
516,RPRX
517,RYAAY
518,TSEM
519,RBLX
520,TWLO
521,CBOE
522,VICI
523,DTE
524,IDEV
525,CQP
526,KGC
527,NTRA
528,EEM
529,IQV
530,XLI
531,BIP
532,CPNG
533,AEE
534,EFV
535,RJF
536,TPR
537,LQD
538,GEHC
539,BIIB
540,BAP
541,DOV
542,TCOM
543,DXCM
544,TDY
545,MTSI
546,FTS
547,IR
548,KHC
549,FSLR
550,MTZ
551,CFG
552,CPRT
553,ATO
554,RMD
555,FTI
556,PBA
557,EIX
558,CNP
559,CW
560,CRS
561,FOXA
562,MDB
563,ZM
564,FICO
565,JAAA
566,JBHT
567,FE
568,OTIS
569,GDX
570,ATI
571,AVUV
572,EXPE
573,PPL
574,USHY
575,NVT
576,XPO
577,MTUM
578,PPG
579,AVB
580,VOOG
581,NRG
582,MDY
583,STRL
584,WSM
585,XYL
586,CINF
587,IUSV
588,FBND
589,AVEM
590,EQR
591,SOXL
592,VEEV
593,ES
594,PHG
595,NMR
596,STZ
597,FNDX
598,VRSN
599,SHY
600,WRB
601,DG
602,IYW
603,HUBB
604,SYM
605,XLC
606,RF
607,FTAI
608,WTW
609,FOX
610,CTRA
611,CTSH
612,SYF
613,BG
614,AWK
615,CGGR
616,EMXC
617,FNDF
618,KEY
619,FCNCA
620,DOW
621,ILMN
622,DRI
623,EWY
624,VRSK
625,RL
626,SQM
627,MKSI
628,PFG
629,XLY
630,LPLA
631,TROW
632,PHM
633,WST
634,UTHR
635,CHD
636,MKL
637,USMV
638,HPQ
639,WIT
640,WWD
641,BCE
642,ENTG
643,BNTX
644,KOF
645,MTD
646,CHTR
647,CHRW
648,SCHA
649,CMS
650,ROL
651,NI
652,SNX
653,DVY
654,RIVN
655,DGX
656,TEAM
657,PSTG
658,RDVY
659,XLU
660,FFIV
661,FWONK
662,L
663,LEN
664,LUV
665,AFRM
666,BEP
667,AER
668,TW
669,IGSB
670,YPF
671,DLTR
672,FN
673,OMC
674,LH
675,EXPD
676,SBAC
677,INCY
678,ROIV
679,IONQ
680,VONV
681,FTEC
682,IREN
683,VIV
684,BURL
685,EWJ
686,SOFI
687,ROKU
688,INSM
689,RS
690,SDY
691,ZS
692,DFUS
693,LYB
694,RCI
695,SHV
696,OEF
697,USFD
698,FWONA
699,IWP
700,AMKR
701,VYMI
702,PKG
703,BRO
704,BCH
705,PAAS
706,FIS
707,STE
708,TSN
709,OKTA
710,TTMI
711,ULTA
712,ALB
713,SNA
714,RBA
715,IFF
716,STLA
717,AVDV
718,IWV
719,MRNA
720,LSCC
721,DKS
722,EFX
723,IOT
724,ESS
725,DD
726,AKAM
727,EVRG
728,SITM
729,VTRS
730,PKX
731,SBS
732,IP
733,RBC
734,CIB
735,VHT
736,LNT
737,SPHQ
738,BEKE
739,H
740,AMCR
741,CX
742,TU
743,NXT
744,NVMI
745,GPN
746,IEI
747,COWZ
748,GIS
749,APG
750,FTV
751,SMCI
752,IGIB
753,EWBC
754,MGA
755,AA
756,SPEM
757,WY
758,LII
759,DOCN
760,CDE
761,BWXT
762,INVH
763,RGLD
764,IWY
765,ESGU
766,WES
767,SPMD
768,VTWO
769,KIM
770,GH
771,ZTO
772,USIG
773,HST
774,ZBH
775,VMBS
776,WPC
777,ITT
778,USFR
779,DGRW
780,AVDE
781,WCC
782,CDW
783,CF
784,PR
785,BR
786,BEN
787,IGV
788,MAA
789,BBY
790,TPG
791,CG
792,TSCO
793,KEP
794,PFGC
795,SSNC
796,PULS
797,SUI
798,MINT
799,IEX
800,OVV
801,TXT
802,NLY
803,ONTO
804,HYG
805,NBIX
806,NDSN
807,NWS
808,VNOM
809,EFG
810,LOGI
811,VLUE
812,RMBS
813,PAA
814,STIP
815,DECK
816,TIGO
817,SCHP
818,SPSM
819,WSO
820,LAMR
821,GSLC
822,SCHV
823,SMTC
824,YUMC
825,GNRC
826,RTO
827,GMAB
828,LDOS
829,BSAC
830,BWA
831,MLI
832,IWS
833,CLH
834,BALL
835,TME
836,OWL
837,TIP
838,THC
839,REG
840,J
841,IESC
842,MAS
843,SCZ
844,XLP
845,WMG
846,UNM
847,VGLT
848,AGI
849,IWO
850,SKM
851,GEN
852,UDR
853,SCHM
854,PNFP
855,DTM
856,MOD
857,JAZZ
858,QLD
859,GPC
860,LI
861,DFAS
862,APTV
863,TOST
864,DKNG
865,ITA
866,ASND
867,OHI
868,ARMK
869,DOC
870,DFIC
871,VSS
872,AEIS
873,EMB
874,LECO
875,RRX
876,DY
877,IWN
878,NWSA
879,GIB
880,JLL
881,CSL
882,XPEV
883,VICR
884,VPL
885,ARCC
886,EVR
887,PFF
888,RGA
889,TOL
890,HTHT
891,DFAT
892,RPM
893,CIBR
894,SANM
895,FUTU
896,AMH
897,SPTM
898,HRL
899,ALLY
900,AAOI
901,PAVE
902,GRAB
903,LULU
904,IAGG
905,VFH
906,GLPI
907,CSGP
908,HDV
909,IQLT
910,DVA
911,HUT
912,EXEL
913,MEDP
914,NTNX
915,AVUS
916,KNX
917,COO
918,SCHO
919,VIAV
920,TFII
921,MKC
922,AXSM
923,PTC
924,CRBG
925,AEG
926,APA
927,BBIO
928,NIO
929,SCHR
930,SWK
931,ELS
932,GFL
933,SNN
934,GL
935,DRS
936,AIZ
937,WULF
938,CHKP
939,FNF
940,ONON
941,DINO
942,SAIA
943,RNR
944,IVZ
945,TRU
946,SCHE
947,MGV
948,JEF
949,PNW
950,PEN
951,MGM
952,ALGN
953,SJM
954,VIRT
955,EQH
956,GGG
957,FMS
958,SUN
959,TYL
960,CNA
961,DFAU
962,AVY
963,AMLP
964,IONS
965,ELAN
966,AUR
967,WBS
968,LFUS
969,FHN
970,CR
971,PNR
972,PAG
973,U
974,DT
975,NYT
976,HAS
977,ERIE
978,UHAL
979,MOAT
980,AGNC
981,AIT
982,BXP
983,VDE
984,TRMB
985,HII
986,CLX
987,ESGD
988,BJ
989,ARW
990,ACWX
991,SPIB
992,BLD
993,SPXC
994,ALLE
995,BROS
996,MUSA
997,CACI
998,CPT
999,TLH
1000,WLK
1001,VONE
1002,PINS
1003,GIL
1004,ICLR
1005,SF
1006,AFG
1007,WYNN
1008,SWKS
1009,WTS
1010,XLG
1011,PL
1012,MDGL
1013,RDY
1014,NOBL
1015,CCK
1016,HBM
1017,EGP
1018,TXRH
1019,IGM
1020,FIVE
1021,IJK
1022,FRT
1023,ONEQ
1024,GMED
1025,ZBRA
1026,SMMT
1027,FORM
1028,R
1029,KTOS
1030,BMRN
1031,MGC
1032,AR
1033,BAX
1034,DPZ
1035,SEIC
1036,EWT
1037,WTFC
1038,POWL
1039,TIMB
1040,ESI
1041,WTRG
1042,VMI
1043,SCI
1044,IGF
1045,BBCA
1046,CGNX
1047,VPU
1048,ARWR
1049,AES
1050,GSAT
1051,MOH
1052,AAON
1053,BPOP
1054,PODD
1055,SNEX
1056,WMS
1057,SCHZ
1058,AM
1059,UMBF
1060,HL
1061,MP
1062,W
1063,SPSB
1064,GWRE
1065,EWZ
1066,SPTI
1067,SPTL
1068,GDDY
1069,EHC
1070,RIOT
1071,CIFR
1072,DCI
1073,HMY
1074,BRX
1075,SCHH
1076,FLS
1077,IT
1078,AAL
1079,GTLS
1080,ZION
1081,OGE
1082,FCFS
1083,OC
1084,FDVV
1085,GME
1086,NUVL
1087,ALSN
1088,TX
1089,ONB
1090,SPAB
1091,SSB
1092,IAG
1093,HUBS
1094,ALV
1095,FNDE
1096,PRF
1097,VSAT
1098,CUBE
1099,DDS
1100,TKR
1101,CYTK
1102,HLI
1103,SIMO
1104,MASI
1105,FROG
1106,RYAN
1107,IXN
1108,ORI
1109,ALGM
1110,KRYS
1111,EZU
1112,AMG
1113,CNM
1114,GGAL
1115,GGB
1116,BSY
1117,CFR
1118,BAH
1119,ARE
1120,SIRI
1121,MSGS
1122,HSIC
1123,PSO
1124,LEVI
1125,VCLT
1126,VIGI
1127,BBEU
1128,WAL
1129,ADC
1130,JKHY
1131,VDC
1132,RRC
1133,RWL
1134,COLB
1135,TTD
1136,DAR
1137,CRL
1138,ACM
1139,AYI
1140,JOBY
1141,CWEN
1142,AGX
1143,IOO
1144,NCLH
1145,FNDA
1146,IEUR
1147,CORT
1148,CAMT
1149,UHS
1150,NNN
1151,KT
1152,YMM
1153,DBEF
1154,PRI
1155,FDS
1156,LUMN
1157,ENSG
1158,SNAP
1159,AG
1160,FR
1161,CTRE
1162,FRO
1163,QRVO
1164,QBTS
1165,GDXJ
1166,TTC
1167,AVAV
1168,CMC
1169,ASR
1170,IDV
1171,EMN
1172,DOCU
1173,BLV
1174,OSCR
1175,ORA
1176,BVN
1177,FRHC
1178,IJJ
1179,MANH
1180,TECH
1181,OSK
1182,QYLD
1183,XBI
1184,SSO
1185,PPA
1186,BLDR
1187,VIS
1188,EQX
1189,VOYA
1190,SSL
1191,CRUS
1192,XP
1193,BRKR
1194,HALO
1195,STN
1196,IJS
1197,ENS
1198,BOKF
1199,AGCO
1200,AOS
1201,MTCH
1202,CBSH
1203,CAE
1204,ESE
1205,SFM
1206,REXR
1207,ZWS
1208,VLY
1209,URTH
1210,VSH
1211,VIST
1212,BOND
1213,COPX
1214,EGO
1215,JHG
1216,FVD
1217,HESM
1218,XLRE
1219,IBB
1220,SSD
1221,KNTK
1222,IDA
1223,CHWY
1224,PLXS
1225,MBLY
1226,CLF
1227,VNO
1228,TAP
1229,EDU
1230,RHP
1231,SGOL
1232,JNK
1233,KEX
1234,FTCS
1235,NEU
1236,BIO
1237,QGEN
1238,LTH
1239,ACI
1240,CHRD
1241,LSTR
1242,GBIL
1243,ICSH
1244,SHYG
1245,NOV
1246,TGTX
1247,JXN
1248,STAG
1249,MXL
1250,ATR
1251,IJT
1252,UGI
1253,MAC
1254,NE
1255,AXS
1256,SM
1257,CELH
1258,GKOS
1259,BILI
1260,IBRX
1261,PRAX
1262,AVT
1263,ICL
1264,FDL
1265,HQY
1266,ALKS
1267,TTEK
1268,GUNR
1269,ZG
1270,NFG
1271,HXL
1272,RGEN
1273,IDCC
1274,ST
1275,PB
1276,Z
1277,XLB
1278,TECL
1279,TEX
1280,WFRD
1281,LEA
1282,KMX
1283,CWAN
1284,ARKK
1285,HR
1286,SPYD
1287,SLAB
1288,MRCY
1289,MOS
1290,ENPH
1291,KNSL
1292,MIDD
1293,BKLN
1294,PPC
1295,LAD
1296,SBSW
1297,LNC
1298,HEFA
1299,DIVO
1300,TRNO
1301,POOL
1302,KYMR
1303,FLR
1304,AXTA
1305,ESGE
1306,NPO
1307,URA
1308,PTGX
1309,RGTI
1310,SPMB
1311,MYRG
1312,VCR
1313,THG
1314,VFC
1315,SPLV
1316,IMVT
1317,GTES
1318,DXJ
1319,RSI
1320,PCVX
1321,SGHC
1322,EAT
1323,LNTH
1324,CPB
1325,INDA
1326,ACLX
1327,SNDR
1328,SPXL
1329,NSA
1330,YOU
1331,HPP
1332,MTDR
1333,FAF
1334,EPRT
1335,VIPS
1336,RIG
1337,LKQ
1338,VOOV
1339,M
1340,BBUC
1341,MORN
1342,LEGN
1343,EXP
1344,FSS
1345,BEPC
1346,FNB
1347,RYN
1348,TMHC
1349,CAR
1350,URBN
1351,ETSY
1352,FSV
1353,VWOB
1354,AWI
1355,CAG
1356,TEO
1357,MHK
1358,OMF
1359,GDS
1360,NXE
1361,MSM
1362,BBIN
1363,BYD
1364,GBCI
1365,ACMR
1366,XAR
1367,STWD
1368,SWX
1369,ROAD
1370,FTSM
1371,COMP
1372,AROC
1373,AVTR
1374,BBAX
1375,AN
1376,INGR
1377,RRR
1378,PCOR
1379,JMST
1380,ACA
1381,AXTI
1382,MCHI
1383,OR
1384,FPE
1385,LQDA
1386,DBX
1387,BMA
1388,VOX
1389,UBSI
1390,GTX
1391,ESTC
1392,LMBS
1393,PAYC
1394,LW
1395,DSGX
1396,PTCT
1397,VAL
1398,CWB
1399,KWEB
1400,PJT
1401,HIMS
1402,GATX
1403,CROX
1404,MSA
1405,ENIC
1406,BZ
1407,GVA
1408,CNTA
1409,TERN
1410,VTHR
1411,MATX
1412,DLN
1413,KRG
1414,PDBC
1415,PSN
1416,RYTM
1417,CHDN
1418,MIRM
1419,CENX
1420,TFPM
1421,CZR
1422,DOX
1423,ABCB
1424,CIG
1425,WH
1426,ACT
1427,KLIC
1428,SPTS
1429,HWC
1430,POR
1431,CE
1432,PCTY
1433,PECO
1434,PRM
1435,CPA
1436,TFX
1437,AUB
1438,FND
1439,GOLF
1440,CACC
1441,GXO
1442,NOVT
1443,DUOL
1444,APPF
1445,SCHK
1446,HOMB
1447,OZK
1448,CWST
1449,PAGP
1450,COGT
1451,SSRM
1452,TAL
1453,PSMT
1454,NVTS
1455,SCHC
1456,BTG
1457,JHMM
1458,BKH
1459,STEP
1460,MCY
1461,ASB
1462,IBP
1463,ESAB
1464,MUR
1465,CHE
1466,NJR
1467,BXSL
1468,UPRO
1469,ACLS
1470,SIGI
1471,FXI
1472,OUT
1473,GNTX
1474,VSEC
1475,GLBE
1476,SPHR
1477,EWC
1478,PEGA
1479,PATH
1480,MTG
1481,UEC
1482,FDN
1483,RUSHA
1484,G
1485,WFG
1486,OTEX
1487,BB
1488,ESNT
1489,BLCO
1490,MARA
1491,BC
1492,PRIM
1493,SYNA
1494,PIPR
1495,DSI
1496,NXST
1497,EFAV
1498,KBWB
1499,VCTR
1500,BCPC
1501,SRRK
1502,SXT
1503,SRLN
1504,ALK
1505,XME
1506,CVLT
1507,MGY
1508,APLS
1509,LPX
1510,UGP
1511,GLNG
1512,TKC
1513,CRC
1514,GRFS
1515,NICE
1516,RITM
1517,HCC
1518,BOOT
1519,ADT
1520,AMRX
1521,FBIN
1522,LAUR
1523,MTRN
1524,LYFT
1525,AX
1526,AIR
1527,LGND
1528,WSC
1529,S
1530,AIA
1531,ZETA
1532,XENE
1533,MC
1534,OLLI
1535,IRDM
1536,SON
1537,RLI
1538,DIOD
1539,CHH
1540,EPAM
1541,TGS
1542,CIGI
1543,MTH
1544,BIPC
1545,DLB
1546,IEP
1547,REYN
1548,PBF
1549,OMAB
1550,LBRDA
1551,CRSP
1552,HASI
1553,UCTT
1554,OGS
1555,GBTG
1556,EMLC
1557,GNR
1558,IYR
1559,IPGP
1560,CSTM
1561,TVTX
1562,MAIN
1563,FTDR
1564,HRI
1565,ONDS
1566,FFIN
1567,SAIC
1568,XMTR
1569,VVV
1570,REZI
1571,UNF
1572,FCN
1573,UFPI
1574,CUZ
1575,SJNK
1576,REET
1577,IBOC
1578,PAM
1579,MTN
1580,TFSL
1581,TWST
1582,OMFL
1583,TREX
1584,SRAD
1585,VECO
1586,ISTB
1587,SLYG
1588,SBRA
1589,SITE
1590,ENVA
1591,LBRT
1592,CNO
1593,WEX
1594,GTLB
1595,CNX
1596,NNI
1597,SLYV
1598,SR
1599,RXO
1600,TDIV
1601,STVN
1602,LPL
1603,SKT
1604,HRB
1605,TNL
1606,COCO
1607,SHC
1608,RDN
1609,ACIW
1610,MEOH
1611,NEAR
1612,EPR
1613,FELE
1614,AQN
1615,TDS
1616,CVCO
1617,FOLD
1618,KBR
1619,AZZ
1620,CBT
1621,VAW
1622,FEZ
1623,KRC
1624,SFBS
1625,BDC
1626,FULT
1627,EBC
1628,RDNT
1629,HLNE
1630,TCBI
1631,CMF
1632,FHI
1633,WING
1634,LMND
1635,MDU
1636,EXLS
1637,NWE
1638,FLNC
1639,ERAS
1640,POWI
1641,KTB
1642,PTEN
1643,QS
1644,LIVN
1645,SLGN
1646,CELC
1647,SKY
1648,CAAP
1649,VSCO
1650,LAZ
1651,IVLU
1652,GFF
1653,MKTX
1654,HYD
1655,SUSA
1656,OPEN
1657,EDV
1658,OLED
1659,MAT
1660,PFSI
1661,TAC
1662,CLSK
1663,POST
1664,SLM
1665,BNL
1666,LBTYA
1667,BBAR
1668,BCO
1669,BELFB
1670,TOTL
1671,LRN
1672,PINC
1673,COLD
1674,PZA
1675,IFRA
1676,ATRO
1677,VNT
1678,WPP
1679,BFH
1680,WHD
1681,MNSO
1682,MMYT
1683,CATY
1684,ALHC
1685,FOUR
1686,IRT
1687,XT
1688,EXTR
1689,LBTYK
1690,INSW
1691,PLNT
1692,MIR
1693,PI
1694,MWA
1695,PII
1696,AAXJ
1697,ANF
1698,INDB
1699,RELY
1700,THO
1701,NVST
1702,DEM
1703,MNDY
1704,TPH
1705,KNSA
1706,HGV
1707,CRK
1708,MMSI
1709,CNS
1710,TPC
1711,RNST
1712,CNK
1713,FBP
1714,ZGN
1715,SLG
1716,EMLP
1717,STNG
1718,LASR
1719,OII
1720,HP
1721,QLYS
1722,WSFS
1723,VRNS
1724,LOPE
1725,BBWI
1726,BANF
1727,EE
1728,BRC
1729,BILS
1730,GEF
1731,ACHR
1732,USAC
1733,GPI
1734,DON
1735,ARCB
1736,PLUG
1737,UWMC
1738,BMI
1739,CPRX
1740,FG
1741,APLE
1742,TDW
1743,CRGY
1744,DORM
1745,PGX
1746,YETI
1747,USRT
1748,VNQI
1749,GEO
1750,KRE
1751,KFY
1752,NMRK
1753,PVH
1754,VCYT
1755,KEN
1756,FV
1757,GVI
1758,OTTR
1759,UUUU
1760,IMCG
1761,EWTX
1762,CVBF
1763,BOTZ
1764,CAKE
1765,IRTC
1766,JOE
1767,HGTY
1768,OSIS
1769,ABG
1770,EEMV
1771,CHEF
1772,CALM
1773,SEDG
1774,ORLA
1775,SXI
1776,IXJ
1777,AAP
1778,DOCS
1779,TXG
1780,QTEC
1781,DAVE
1782,MHO
1783,SKYW
1784,EUFN
1785,ELF
1786,CRNX
1787,VEON
1788,BHF
1789,ACAD
1790,FIBK
1791,DLO
1792,SMG
1793,ITRI
1794,BKU
1795,ICUI
1796,HAE
1797,WSBC
1798,OGN
1799,ADEA
1800,BOX
1801,BATRA
1802,CALF
1803,AVA
1804,SIG
1805,GSY
1806,IYF
1807,NHI
1808,FHB
1809,SKE
1810,HYLB
1811,CBU
1812,MSGE
1813,CECO
1814,FUL
1815,AVNT
1816,GBDC
1817,FIZZ
1818,EWU
1819,DNLI
1820,COLM
1821,SMR
1822,GNW
1823,AEHR
1824,BFAM
1825,AB
1826,KN
1827,FFBC
1828,AGO
1829,KBH
1830,SHOO
1831,XOP
1832,BTE
1833,NSIT
1834,HIW
1835,PTLC
1836,BTU
1837,VKTX
1838,XSD
1839,KAI
1840,RHI
1841,DAN
1842,AMJ
1843,CC
1844,BILL
1845,HWKN
1846,INOD
1847,ACWV
1848,ARIS
1849,MMS
1850,SFNC
1851,NG
1852,OPCH
1853,PRK
1854,IPAR
1855,TOWN
1856,BATRK
1857,ILCG
1858,WRBY
1859,LFST
1860,RNG
1861,SPHD
1862,RLAY
1863,BHE
1864,ARLP
1865,KC
1866,ICLN
1867,BKD
1868,VAC
1869,CGAU
1870,CLBT
1871,AKR
1872,LEU
1873,BOH
1874,UE
1875,HAYW
1876,GPK
1877,XYLD
1878,ASO
1879,CWK
1880,VC
1881,ZIM
1882,NIC
1883,AEO
1884,IAC
1885,LXP
1886,SBCF
1887,TFI
1888,IYH
1889,KALU
1890,GRBK
1891,TRMD
1892,BANC
1893,FNDC
1894,TDC
1895,FSK
1896,BXMT
1897,UNIT
1898,ANGL
1899,ITGR
1900,NHC
1901,HIMX
1902,CVI
1903,RUN
1904,PFS
1905,ERO
1906,SKYY
1907,SII
1908,CRVL
1909,UNFI
1910,ARQT
1911,AWR
1912,USD
1913,PLMR
1914,TMC
1915,SBLK
1916,ICHR
1917,SA
1918,PPTA
1919,RDW
1920,DYN
1921,WDFC
1922,CLMT
1923,IYY
1924,RCUS
1925,IHI
1926,GPOR
1927,FHLC
1928,BEAM
1929,SOUN
1930,ASH
1931,AMBA
1932,BSM
1933,KOMP
1934,EFXT
1935,CPK
1936,NTCT
1937,WOR
1938,HYMB
1939,TENB
1940,PRVA
1941,PXF
1942,MGEE
1943,TR
1944,PK
1945,FLRN
1946,UPST
1947,DBRG
1948,FSLY
1949,PENN
1950,HTGC
1951,RYT
1952,DK
1953,COHU
1954,RH
1955,OLN
1956,VRP
1957,PATK
1958,VVX
1959,HUBG
1960,MDYG
1961,FBK
1962,DBD
1963,DHT
1964,FA
1965,MGRC
1966,DKL
1967,ADPT
1968,NMIH
1969,IHS
1970,ELVN
1971,PARR
1972,HLIO
1973,CWI
1974,DX
1975,WHR
1976,FCPT
1977,DNN
1978,EXPO
1979,SDRL
1980,TRN
1981,HUN
1982,WT
1983,SPNT
1984,QTWO
1985,WK
1986,TGB
1987,IDYA
1988,WAFD
1989,STNE
1990,IVT
1991,CWT
1992,PRFZ
1993,FSM
1994,HOG
1995,ROG
1996,ABM
1997,TRMK
1998,PDFS
1999,CENT
2000,CXW
2001,ATKR
2002,SAH
2003,NESR
2004,KMT
2005,TARS
2006,WTTR
2007,PAY
2008,FRME
2009,CUBI
2010,IGLB
2011,WERN
2012,FTGC
2013,DXPE
2014,OSW
2015,TNK
2016,FRSH
2017,DGII
2018,FRPT
2019,IPAC
2020,UAA
2021,SUPN
2022,FBT
2023,KD
2024,MDYV
2025,ITB
2026,DNOW
2027,FBNC
2028,AMR
2029,AGYS
2030,INTR
2031,APAM
2032,EXK
2033,EEFT
2034,OUST
2035,VNET
2036,TMDX
2037,IXC
2038,AMBP
2039,KWR
2040,UA
2041,NBTB
2042,RLX
2043,PAGS
2044,BCC
2045,NGVT
2046,SVM
2047,TALO
2048,CLOV
2049,SHAK
2050,DCO
2051,DEI
2052,HACK
2053,ALGT
2054,VERA
2055,CPRI
2056,CLDX
2057,CARG
2058,CALX
2059,DRH
2060,ANDE
2061,CXT
2062,BRZE
2063,BUSE
2064,CTOS
2065,MTX
2066,ESTA
2067,TSAT
2068,PTON
2069,RARE
2070,FUN
2071,BW
2072,TBBK
2073,CEPU
2074,DAC
2075,HNI
2076,KYN
2077,OIH
2078,CENTA
2079,WU
2080,HYMC
2081,EFSC
2082,FUTY
2083,PBI
2084,RNW
2085,MCW
2086,BKE
2087,NTB
2088,MGNI
2089,IMAX
2090,AMPX
2091,HE
2092,ALRM
2093,AVPT
2094,MBIN
2095,CSGS
2096,QDF
2097,TAN
2098,MCRI
2099,ATEN
2100,AXGN
2101,BANR
2102,EBND
2103,WLY
2104,PBH
2105,BLBD
2106,ACHC
2107,NOG
2108,RAMP
2109,LCII
2110,PAYO
2111,BLX
2112,HTH
2113,WOLF
2114,QUBT
2115,LIT
2116,GRC
2117,SQQQ
2118,NEXT
2119,DAWN
2120,IHDG
2121,DRVN
2122,XSOE
2123,BCRX
2124,SPGP
2125,DHC
2126,ITM
2127,SHO
2128,PICK
2129,TNET
2130,PLUS
2131,FNCL
2132,PFFD
2133,NWBI
2134,POET
2135,UTI
2136,IMOS
2137,CLBK
2138,CMPR
2139,NMM
2140,MLCO
2141,PRDO
2142,CCU
2143,IOSP
2144,KOD
2145,RPG
2146,ARR
2147,AESI
2148,EPP
2149,MLPA
2150,LMAT
2151,NWN
2152,BAND
2153,NWL
2154,PGNY
2155,FAS
2156,LC
2157,IMNM
2158,DES
2159,SEM
2160,NGL
2161,PEB
2162,NVCR
2163,EOSE
2164,ICF
2165,HCI
2166,KSS
2167,WMK
2168,DRD
2169,AUPH
2170,OFG
2171,LCID
2172,SPSC
2173,FCF
2174,ATHM
2175,ROBO
2176,XRAY
2177,GTY
2178,TRVI
2179,THR
2180,AIN
2181,NKTR
2182,CMRE
2183,SGRY
2184,GNL
2185,FIGS
2186,MD
2187,HRMY
2188,NTST
2189,VERX
2190,STC
2191,NEOG
2192,PHO
2193,AGM
2194,HMN
2195,NBHC
2196,OCUL
2197,VRE
2198,TGLS
2199,LPG
2200,SPB
2201,BBAI
2202,EZPW
2203,WIX
2204,ZLAB
2205,VCEL
2206,TIPX
2207,AMSC
2208,ASHR
2209,FENY
2210,ADMA
2211,PUMP
2212,XHR
2213,SAM
2214,AAT
2215,AIP
2216,CBZ
2217,CTS
2218,SRCE
2219,BHC
2220,LTC
2221,HCM
2222,AGL
2223,PRLB
2224,CYD
2225,WB
2226,QFIN
2227,DBC
2228,PLAB
2229,ALG
2230,XPRO
2231,JBLU
2232,GLPG
2233,ARCO
2234,STOK
2235,ANIP
2236,VPG
2237,GEL
2238,TILE
2239,EPAC
2240,CHCO
2241,PAX
2242,INTA
2243,GT
2244,CNXN
2245,HEDJ
2246,MRVI
2247,TH
2248,GENI
2249,DGS
2250,SONO
2251,WD
2252,COTY
2253,IOVA
2254,RPV
2255,NEXA
2256,UFPT
2257,FLYW
2258,SEMR
2259,QQEW
2260,LOB
2261,VRDN
2262,TFIN
2263,SKYT
2264,RWR
2265,MESO
2266,SGML
2267,WGS
2268,ADNT
2269,CASH
2270,HURN
2271,DCOM
2272,AMC
2273,APPN
2274,STRA
2275,IEV
2276,PSNY
2277,IIPR
2278,AGIO
2279,SHLS
2280,IMKTA
2281,ECPG
2282,ADUS
2283,QURE
2284,IAS
2285,CCS
2286,GABC
2287,STBA
2288,OMCL
2289,RBCAA
2290,EFC
2291,NUVB
2292,VET
2293,USO
2294,ZD
2295,ASAN
2296,KOS
2297,RCAT
2298,BHVN
2299,TCBK
2300,NTLA
2301,FLNG
2302,PLSE
2303,HOPE
2304,BL
2305,ZYME
2306,RLJ
2307,AGRO
2308,AEVA
2309,INVA
2310,NCNO
2311,REGL
2312,RXRX
2313,ESRT
2314,FALN
2315,SLVM
2316,LILAK
2317,FLO
2318,CNOB
2319,KRP
2320,LILA
2321,STGW
2322,TSHA
2323,ANAB
2324,CMPS
2325,OPRA
2326,ALKT
2327,FIVN
2328,MQ
2329,SID
2330,AMLX
2331,HTZ
2332,HLIT
2333,EVTC
2334,GLOB
2335,SNDX
2336,SRPT
2337,EVCM
2338,IYE
2339,BY
2340,SLY
2341,PCT
2342,TSLX
2343,TYRA
2344,GLP
2345,ABCL
2346,TPB
2347,CNXC
2348,LAC
2349,RES
2350,QCRH
2351,LZB
2352,PGEN
2353,AI
2354,MAN
2355,CRI
2356,AZUL
2357,IYK
2358,DV
2359,ATEX
2360,RUM
2361,AVAH
2362,PRG
2363,GLUE
2364,LKFN
2365,SLS
2366,LIND
2367,CBL
2368,TTI
2369,HCSG
2370,COUR
2371,SFL
2372,TV
2373,KW
2374,PRGO
2375,TRIN
2376,HLMN
2377,NBR
2378,CAPR
2379,JJSF
2380,EYE
2381,GBX
2382,FOR
2383,PWP
2384,GIII
2385,DXC
2386,AMRC
2387,LIFE
2388,FMC
2389,MRTN
2390,TRS
2391,NXRT
2392,TNC
2393,LWLG
2394,WWW
2395,RVLV
2396,IMCR
2397,KMPR
2398,EWG
2399,LOMA
2400,LINC
2401,PRCT
2402,CSWC
2403,NVAX
2404,EWA
2405,NOMD
2406,ATRC
2407,WLDN
2408,ENVX
2409,VIR
2410,NEO
2411,BFLY
2412,URGN
2413,REX
2414,LEG
2415,TRIP
2416,GSL
2417,ATAI
2418,KALV
2419,ULCC
2420,HLX
2421,ECVT
2422,NVGS
2423,BORR
2424,CLVT
2425,STAA
2426,IRS
2427,ARI
2428,OI
2429,ARDX
2430,ARLO
2431,HROW
2432,NSP
2433,ATLC
2434,ENR
2435,FDP
2436,PCY
2437,IART
2438,AHCO
2439,NRP
2440,DFH
2441,DAO
2442,OLPX
2443,KBE
2444,ACDC
2445,WABC
2446,DOLE
2447,IDT
2448,RXT
2449,AOSL
2450,INBX
2451,RYLD
2452,UVV
2453,AMAL
2454,NSSC
2455,LSPD
2456,PBT
2457,TDOC
2458,PRGS
2459,TMP
2460,SBH
2461,CMP
2462,HYLN
2463,ICFI
2464,PEBO
2465,ITRN
2466,GSHD
2467,ORC
2468,ARKG
2469,CDRE
2470,VTOL
2471,UMH
2472,TWO
2473,TBLA
2474,WEN
2475,LADR
2476,CTBI
2477,AFYA
2478,DMLP
2479,VIA
2480,GOLD
2481,CEVA
2482,IMTX
2483,BLKB
2484,TROX
2485,PAHC
2486,PGY
2487,PRA
2488,BLFS
2489,ATEC
2490,BLDP
2491,YELP
2492,DSL
2493,LGIH
2494,ENOV
2495,HLF
2496,CXM
2497,HTLD
2498,XPEL
2499,VRNT
2500,UFCS
2501,FMBH
2502,NWPX
2503,PDS
2504,REAL
2505,SCL
2506,INNV
2507,ADTN
2508,TUYA
2509,INSP
2510,CCO
2511,GIC
2512,GHM
2513,AKTS
2514,LNN
2515,OPFI
2516,PFBC
2517,BKSY
2518,BV
2519,PLTK
2520,MCB
2521,HFWA
2522,IRMD
2523,ROCK
2524,ARRY
2525,AMN
2526,UAN
2527,RDWR
2528,FINV
2529,CDNA
2530,UVSP
2531,SPH
2532,LQDT
2533,ASTE
2534,APPS
2535,NAT
2536,XERS
2537,AVNS
2538,SMPL
2539,SIFY
2540,PSEC
2541,OSBC
2542,DEA
2543,LU
2544,FCEL
2545,CVLG
2546,NAK
2547,PNTG
2548,MMI
2549,PDM
2550,TNDM
2551,MBC
2552,CSIQ
2553,SAFE
2554,GILT
2555,MNKD
2556,MUX
2557,WVE
2558,PRCH
2559,COLL
2560,CCB
2561,CIM
2562,THRM
2563,HBT
2564,MLKN
2565,OPY
2566,BJRI
2567,UPBD
2568,EVLV
2569,EYPT
2570,PLOW
2571,DLX
2572,ABR
2573,SDGR
2574,ASA
2575,SVRA
2576,SG
2577,ACEL
2578,EXPI
2579,TK
2580,PZZA
2581,OPK
2582,OCFC
2583,IGIC
2584,BAB
2585,OCSL
2586,PEY
2587,DQ
2588,ABSI
2589,UVE
2590,EPC
2591,SAFT
2592,GPRE
2593,ACVA
2594,UPWK
2595,SVC
2596,GNK
2597,CNMD
2598,CBRL
2599,UAMY
2600,AZTA
2601,GSBD
2602,SUPV
2603,CSR
2604,JKS
2605,TRUP
2606,DBVT
2607,CFFN
2608,BRBR
2609,SBSI
2610,SPIP
2611,MYE
2612,SCSC
2613,ARHS
2614,FXO
2615,LZ
2616,SBGI
2617,HBNC
2618,PSNL
2619,CRVS
2620,KXI
2621,CRON
2622,EQBK
2623,USPH
2624,HIVE
2625,METC
2626,IQ
2627,EEX
2628,HPK
2629,WSR
2630,DAKT
2631,AVO
2632,SATL
2633,MSEX
2634,MCBS
2635,SH
2636,GOOS
2637,AORT
2638,CRAI
2639,CCNE
2640,SPRY
2641,ARKO
2642,TRST
2643,QDEL
2644,MFA
2645,DFIN
2646,APEI
2647,BFST
2648,CPF
2649,MBWM
2650,GO
2651,HAFC
2652,EVEX
2653,LMB
2654,CRCT
2655,KODK
2656,LYTS
2657,AMTB
2658,BUR
2659,UTL
2660,JBSS
2661,WEST
2662,VLRS
2663,KOPN
2664,XNCR
2665,AMPL
2666,SHEN
2667,PCRX
2668,MEC
2669,CRSR
2670,GDRX
2671,CRTO
2672,QCLN
2673,JBGS
2674,THFF
2675,KFRC
2676,FTK
2677,CAC
2678,EVC
2679,MGTX
2680,AMPH
2681,PMT
2682,BBDC
2683,LXU
2684,SMP
2685,JMIA
2686,CRESY
2687,SNCY
2688,FXH
2689,SLI
2690,TALK
2691,JETS
2692,EGBN
2693,ROOT
2694,MPB
2695,INDI
2696,ETON
2697,OLMA
2698,FMNB
2699,MOV
2700,CAPL
2701,TBPH
2702,APOG
2703,ORIC
2704,LXRX
2705,TIGR
2706,NEWP
2707,EIG
2708,CGEM
2709,ABUS
2710,MOMO
2711,BBSI
2712,PSTL
2713,MFIC
2714,MATW
2715,BCSF
2716,KOP
2717,ASGN
2718,FCBC
2719,HTBK
2720,WRLD
2721,PHAT
2722,JANX
2723,WGO
2724,GSBC
2725,CTLP
2726,WLKP
2727,PGC
2728,INMD
2729,SXC
2730,ESPR
2731,KRO
2732,SCHL
2733,CERT
2734,YALA
2735,CCBG
2736,KURA
2737,MEG
2738,SMBC
2739,CCOI
2740,ODV
2741,PFLT
2742,WOOF
2743,ORRF
2744,NX
2745,VOR
2746,SMBK
2747,RDVT
2748,AVTX
2749,HNRG
2750,SSYS
2751,CODI
2752,ANNX
2753,STKL
2754,NRGV
2755,FPH
2756,REPX
2757,GSM
2758,FWRG
2759,HSTM
2760,SHBI
2761,CGBD
2762,ALRS
2763,FOXF
2764,GDEN
2765,NMFC
2766,NAVI
2767,HZO
2768,BZH
2769,ZVRA
2770,FISI
2771,SANA
2772,PKE
2773,DNUT
2774,MITK
2775,GDOT
2776,XOMA
2777,OBE
2778,GERN
2779,IVR
2780,CYRX
2781,REPL
2782,LDI
2783,BRSP
2784,BALY
2785,IBCP
2786,KRNT
2787,JBI
2788,DSP
2789,NGVC
2790,GPRK
2791,CDC
2792,VTS
2793,FDUS
2794,RSKD
2795,PEO
2796,BLMN
2797,VRRM
2798,QNST
2799,ELA
2800,CTO
2801,EHAB
2802,EVER
2803,SPIR
2804,SB
2805,AMWD
2806,RLMD
2807,ASC
2808,HELE
2809,SLRC
2810,PD
2811,MCS
2812,VEL
2813,CRMD
2814,GCMG
2815,DSGN
2816,FXR
2817,WASH
2818,SIBN
2819,MTA
2820,HRTG
2821,TMQ
2822,UDMY
2823,NOAH
2824,RSVR
2825,SABR
2826,INN
2827,BWMX
2828,HY
2829,TIPT
2830,GROY
2831,TRTX
2832,CARE
2833,AURA
2834,DC
2835,AROW
2836,PSQ
2837,NTGR
2838,SWIM
2839,RWT
2840,SWBI
2841,ALLO
2842,CTMX
2843,CGNT
2844,DGICA
2845,TDUP
2846,GRPN
2847,FBRT
2848,CCSI
2849,CSV
2850,VINP
2851,CASS
2852,CNNE
2853,OMER
2854,UTZ
2855,CLDT
2856,SLDP
2857,RGR
2858,CSTL
2859,EVGO
2860,MSBI
2861,PACK
2862,KE
2863,BHB
2864,NFBK
2865,VTEX
2866,ASIX
2867,PAR
2868,GOOD
2869,RIGL
2870,BTBT
2871,NFGC
2872,CLB
2873,NABL
2874,WTI
2875,ACRS
2876,IHRT
2877,TLRY
2878,IRWD
2879,ILPT
2880,FET
2881,PRAA
2882,LEGH
2883,TCMD
2884,MG
2885,AMSF
2886,ORN
2887,ACNB
2888,EGY
2889,RYAM
2890,BVS
2891,IIIV
2892,IDR
2893,SFST
2894,MRAM
2895,FIP
2896,UNTY
2897,HUYA
2898,ACHV
2899,CIVB
2900,BDN
2901,MCFT
2902,IIIN
2903,BBCP
2904,PHR
2905,NRDS
2906,UHT
2907,BWB
2908,OXM
2909,SD
2910,CBNK
2911,MLR
2912,KRNY
2913,GAU
2914,ETD
2915,MBUU
2916,EVH
2917,OLP
2918,MDXG
2919,CLFD
2920,GLRE
2921,HBCP
2922,NGS
2923,BSRR
2924,OSPN
2925,FLGT
2926,CARS
2927,GDYN
2928,ASTL
2929,PUBM
2930,DDL
2931,SSTK
2932,EBF
2933,FFIC
2934,AQST
2935,CPS
2936,ADV
2937,TRC
2938,CINT
2939,MDRX
2940,DNA
2941,SFIX
2942,CERS
2943,CHCT
2944,OIS
2945,CTKB
2946,MAX
2947,TREE
2948,ALT
2949,FBIZ
2950,CWH
2951,NMG
2952,RMAX
2953,EH
2954,PANL
2955,TASK
2956,PRME
2957,PKOH
2958,ANGO
2959,TWI
2960,PROK
2961,GOGO
2962,CAL
2963,DDD
2964,CABA
2965,ASPN
2966,ARVN
2967,LXFR
2968,YORW
2969,IPI
2970,OOMA
2971,CWCO
2972,CRNC
2973,MNRO
2974,STRO
2975,RPD
2976,LOCO
2977,BLZE
2978,RBBN
2979,SCVL
2980,TITN
2981,GCO
2982,STTK
2983,CVGW
2984,OEC
2985,VREX
2986,KREF
2987,SPXU
2988,FDMT
2989,DCBO
2990,KIDS
2991,ASMB
2992,VITL
2993,XRX
2994,ACTG
2995,IMXI
2996,NINE
2997,PLAY
2998,CGC
2999,MATV
3000,MTW
3001,CBAN
3002,EOLS
3003,FSTR
3004,FXZ
3005,AMCX
3006,FPI
3007,UXIN
3008,ALTO
3009,CYH
3010,WEAV
3011,SPT
3012,GLAD
3013,ATNI
3014,SPCE
3015,UROY
3016,PRTA
3017,DIN
3018,CCCC
3019,RLGT
3020,WTBA
3021,KMDA
3022,ERII
3023,EBS
3024,OVID
3025,BXC
3026,MEI
3027,BMRC
3028,NRC
3029,CTRN
3030,FWRD
3031,CLNE
3032,ASYS
3033,RBB
3034,ALIT
3035,KELYA
3036,AUTL
3037,CCAP
3038,FRBA
3039,SGU
3040,AIV
3041,BOC
3042,BMBL
3043,OSS
3044,OCGN
3045,BLND
3046,MYGN
3047,CCRN
3048,YEXT
3049,PACB
3050,IPSC
3051,DCTH
3052,NEWT
3053,SOHU
3054,CLPT
3055,LSAK
3056,BBW
3057,GTN
3058,VMD
3059,CMCO
3060,HNST
3061,CZNC
3062,SES
3063,WNC
3064,QUAD
3065,PAYS
3066,FRST
3067,CMCL
3068,NEGG
3069,MTLS
3070,QUIK
3071,LAND
3072,MTRX
3073,RMNI
3074,BNTC
3075,SMWB
3076,EDIT
3077,HVT
3078,LE
3079,BNED
3080,PKBK
3081,PCB
3082,CVEO
3083,AIRS
3084,CD
3085,XFOR
3086,BKKT
3087,MVST
3088,OFIX
3089,SENS
3090,KNOP
3091,PBYI
3092,XPER
3093,GNE
3094,SNDL
3095,USNA
3096,NAN
3097,PSFE
3098,NOA
3099,NREF
3100,RMR
3101,API
3102,MVBF
3103,SAR
3104,GOTU
3105,NATR
3106,ALLT
3107,LRMR
3108,VSTM
3109,FBRX
3110,NECB
3111,AVIR
3112,GASS
3113,SHIP
3114,FVRR
3115,PINE
3116,PRLD
3117,SSSS
3118,CMTG
3119,WSBF
3120,VNDA
3121,MGPI
3122,BYND
3123,RILY
3124,LX
3125,DBI
3126,ATOM
3127,PERI
3128,REAX
3129,CION
3130,LAB
3131,FNLC
3132,ENTA
3133,RGNX
3134,RM
3135,TLS
3136,VGZ
3137,GEVO
3138,NCMI
3139,MSB
3140,OPAL
3141,CDZI
3142,TSBK
3143,XNET
3144,ISSC
3145,SLP
3146,OABI
3147,CAF
3148,REI
3149,BGS
3150,PTLO
3151,AMRN
3152,EWCZ
3153,TCPC
3154,XPOF
3155,LCTX
3156,LYEL
3157,MBI
3158,MASS
3159,FENC
3160,NNDM
3161,LODE
3162,CLLS
3163,ZUMZ
3164,GETY
3165,SIGA
3166,LTBR
3167,ELMD
3168,KFS
3169,HLLY
3170,DMAC
3171,TROO
3172,TRX
3173,ORGO
3174,FNKO
3175,RCKT
3176,LTRX
3177,UP
3178,HRZN
3179,DSX
3180,RPAY
3181,BRBS
3182,ASLE
3183,NL
3184,ZIP
3185,YSG
3186,FUBO
3187,TWIN
3188,GTE
3189,OSUR
3190,TG
3191,MPAA
3192,CLW
3193,NAUT
3194,HUMA
3195,BRT
3196,BCYC
3197,CIA
3198,UIS
3199,MPX
3200,RC
3201,SGHT
3202,ZH
3203,ARMP
3204,HCKT
3205,FLWS
3206,ELDN
3207,WNEB
3208,GRIN
3209,HBB
3210,FC
3211,SSP
3212,ACRE
3213,TRVG
3214,EVTL
3215,CRNT
3216,ATLO
3217,ZNTL
3218,NUS
3219,TMCI
3220,TTGT
3221,SCM
3222,FOSL
3223,VUZI
3224,SITC
3225,PCYO
3226,LPRO
3227,JAKK
3228,ESCA
3229,RWAY
3230,RELL
3231,OTLY
3232,JACK
3233,USAU
3234,DMRC
3235,ASUR
3236,OSG
3237,MGNX
3238,PNNT
3239,EGHT
3240,AVNW
3241,AUDC
3242,RGCO
3243,LCNB
3244,MITT
3245,AKBA
3246,VFF
3247,FHTX
3248,LVWR
3249,HDSN
3250,REFI
3251,PROF
3252,AP
3253,OPRT
3254,FATE
3255,SLGL
3256,LOVE
3257,CAN
3258,POWW
3259,IMPP
3260,ARQQ
3261,MNTK
3262,IFRX
3263,ACIU
3264,KINS
3265,LMNR
3266,CXDO
3267,MFIN
3268,VLN
3269,SLNH
3270,PESI
3271,AVXL
3272,FULC
3273,LAW
3274,ALTG
3275,AREC
3276,SND
3277,INBK
3278,VATE
3279,MX
3280,SPOK
3281,LFMD
3282,IVVD
3283,TPVG
3284,ANGI
3285,EAF
3286,INSE
3287,SMRT
3288,TARA
3289,GENC
3290,DPRO
3291,INTT
3292,CDXS
3293,CAMP
3294,CNDT
3295,SGC
3296,SRI
3297,IMMR
3298,CHRS
3299,KPTI
3300,ALXO
3301,TBI
3302,JFIN
3303,OPBK
3304,RNA
3305,LFCR
3306,VYGR
3307,KLTR
3308,RICK
3309,CPSS
3310,QSI
3311,PPIH
3312,NKTX
3313,EGAN
3314,LCUT
3315,HITI
3316,RFIL
3317,GWRS
3318,FF
3319,III
3320,QMCO
3321,KROS
3322,SMHI
3323,ARCT
3324,CURV
3325,APYX
3326,ANIK
3327,RXST
3328,COOK
3329,BCBP
3330,GORO
3331,JRVR
3332,CGEN
3333,NRDY
3334,SEVN
3335,PLG
3336,IMUX
3337,ACB
3338,BANX
3339,SY
3340,WW
3341,CHPT
3342,INFU
3343,ONEW
3344,EMBC
3345,KRMD
3346,CVGI
3347,MDWD
3348,RCMT
3349,INSG
3350,NIU
3351,ELME
3352,FOA
3353,STXS
3354,AMPY
3355,TORO
3356,DLTH
3357,EQ
3358,GALT
3359,KULR
3360,INGN
3361,EARN
3362,MNTS
3363,THRY
3364,ABOS
3365,EPSN
3366,ALEC
3367,PLX
3368,KVHI
3369,PLBY
3370,TLYS
3371,WHG
3372,HOFT
3373,SPRO
3374,NRXP
3375,KZIA
3376,EDAP
3377,ENLV
3378,BHR
3379,BZUN
3380,RGP
3381,BRCC
3382,ONL
3383,TUSK
3384,ORMP
3385,NNBR
3386,CRBU
3387,MIST
3388,DTIL
3389,BDSX
3390,RAIL
3391,DOUG
3392,SLQT
3393,SJT
3394,TNYA
3395,DHX
3396,DAVA
3397,JELD
3398,AMWL
3399,CRBP
3400,ASRT
3401,PRQR
3402,CPSH
3403,CURI
3404,DOYU
3405,BFIN
3406,OGI
3407,EPM
3408,TCX
3409,NVX
3410,SRG
3411,QTRX
3412,NFE
3413,BOOM
3414,DIBS
3415,BYRN
3416,CMTL
3417,WHF
3418,SKYX
3419,VERI
3420,CLPR
3421,TLSA
3422,CAAS
3423,AMTX
3424,AGEN
3425,HCAT
3426,INVZ
3427,JYNT
3428,DLNG
3429,DOMO
3430,BSET
3431,FORR
3432,VXRT
3433,HYPR
3434,OWLT
3435,SKLZ
3436,ADCT
3437,CNTB
3438,CVRX
3439,GPRO
3440,MED
3441,ACR
3442,WATT
3443,AOUT
3444,ACNT
3445,OXSQ
3446,MVIS
3447,CHGG
3448,RVSB
3449,NNOX
3450,EXFY
3451,GHI
3452,FLL
3453,RCEL
3454,MXCT
3455,MBOT
3456,TSQ
3457,CLAR
3458,CRDL
3459,TTSH
3460,WYY
3461,SPWR
3462,RENT
3463,RFL
3464,BRLT
3465,CMCM
3466,RPT
3467,SCOR
3468,TTEC
3469,LFVN
3470,XGN
3471,PYXS
3472,TZOO
3473,MRCC
3474,ULBI
3475,LAKE
3476,VRA
3477,ARBE
3478,ZVIA
3479,ALDX
3480,CRDF
3481,BZFD
3482,MMLP
3483,RANI
3484,SSTI
3485,YRD
3486,CUE
3487,HFFG
3488,BDTX
3489,VRCA
3490,OPRX
3491,BWEN
3492,CCLD
3493,REKR
3494,AKA
3495,ZKIN
3496,VANI
3497,SEER
3498,BLNK
3499,RRGB
3500,GEOS
3501,ATRA
3502,SRL
3503,BYFC
3504,STIM
3505,INVE
3506,FBIO
3507,GRWG
3508,INO
3509,CSBR
3510,CHMI
3511,DH
3512,PYPD
3513,GNSS
3514,AIRG
3515,BARK
3516,WKEY
3517,GAMB
3518,SEAT
3519,SKIN
3520,BMEA
3521,LVO
3522,NDLS
3523,ANIX
3524,IBIO
3525,CPIX
3526,AVD
3527,AEYE
3528,SAMG
3529,OM
3530,IDN
3531,LGO
3532,AFCG
3533,FLNT
3534,DLHC
3535,GOSS
3536,PLCE
3537,GGR
3538,TISI
3539,MYPS
3540,HRTX
3541,UFI
3542,ACET
3543,CLNN
3544,LESL
3545,SIEB
3546,LIDR
3547,WRAP
3548,ASPS
3549,NCTY
3550,GANX
3551,XBIT
3552,FSP
3553,FEAM
3554,NRT
3555,LNSR
3556,GPMT
3557,KNDI
3558,PLRX
3559,OPTT
3560,FTCI
3561,ZEPP
3562,MCHX
3563,RGS
3564,FORA
3565,WWR
3566,MAPS
3567,STEM
3568,ASRV
3569,BYSI
3570,UPXI
3571,CATO
3572,IZEA
3573,GAIA
3574,CSTE
3575,SGMO
3576,CBAT
3577,PVL
3578,ENTX
3579,MNOV
3580,MERC
3581,AREN
3582,SCLX
3583,PMVP
3584,SELF
3585,PDSB
3586,KLXE
3587,STKS
3588,SYPR
3589,LUNG
3590,EHTH
3591,DCGO
3592,HAIN
3593,PRTS
3594,THCH
3595,MCRB
3596,BGSF
3597,APT
3598,UAVS
3599,ZDGE
3600,SKIL
3601,KZR
3602,TIL
3603,ARBK
3604,NTWK
3605,IMMP
3606,VHC
3607,OMEX
3608,SPRU
3609,LUNA
3610,DRIO
3611,TACT
3612,OFS
3613,GLBS
3614,GROV
3615,USIO
3616,SACH
3617,LOAN
3618,TOUR
3619,UEIC
3620,LTRN
3621,VOC
3622,RCON
3623,WBX
3624,MREO
3625,RAVE
3626,MIND
3627,VERU
3628,SPWH
3629,XOS
3630,INCR
3631,ELOX
3632,LOOP
3633,SQNS
3634,PRPL
3635,PXLW
3636,SRTS
3637,MKTW
3638,RDI
3639,YI
3640,EKSO
3641,SCYX
3642,BRAG
3643,FTEK
3644,KTCC
3645,CNTY
3646,ARAY
3647,GAME
3648,PETS
3649,PRPO
3650,PHUN
3651,VTSI
3652,CULP
3653,TELA
3654,DXLG
3655,OESX
3656,DAIO
3657,VRM
3658,GROW
3659,GNS
3660,PAVM
3661,NAAS
3662,BTAI
3663,NSPR
3664,INMB
3665,FKWL
3666,LTCH
3667,ALGS
3668,WKHS
3669,WPRT
3670,BIRD
3671,ATNM
3672,CDLX
3673,AWRE
3674,MLSS
3675,LOCL
3676,JG
3677,EVAX
3678,KPLT
3679,WIMI
3680,CRWS
3681,SST
3682,CLPS
3683,QRHC
3684,LIQT
3685,FNGR
3686,FARM
3687,NNVC
3688,IGC
3689,NMTC
3690,HBIO
3691,BIOX
3692,BURU
3693,UONE
3694,BEEM
3695,TXMD
3696,CLIR
3697,CTSO
3698,LPSN
3699,GREE
3700,DYAI
3701,REFR
3702,RMTI
3703,PLUR
3704,GWH
3705,PTN
3706,BCTX
3707,OPAD
3708,AYTU
3709,MRKR
3710,VTGN
3711,YQ
3712,NYC
3713,DFLI
3714,LVLU
3715,VYNE
3716,ATOS
3717,RAIN
3718,CTRM
3719,EVTV
3720,RVP
3721,CELU
3722,UPLD
3723,NEON
3724,FENG
3725,AHT
3726,UONEK
3727,IRIX
3728,MNDO
3729,ANY
3730,GRTX
3731,PASG
3732,LPCN
3733,HOWL
3734,QNCX
3735,FLUX
3736,CYN
3737,MVO
3738,CRMT
3739,ICMB
3740,NHTC
3741,DOGZ
3742,CRIS
3743,GTBP
3744,VNRX
3745,CODX
3746,CVM
3747,SOS
3748,INTZ
3749,BLRX
3750,CTXR
3751,DLPN
3752,SMSI
3753,TAOP
3754,MRAI
3755,HOOK
3756,CYCN
3757,FTHM
3758,SWVL
3759,PRSO
3760,GTIM
3761,BNGO
3762,CISO
3763,TRIB
3764,BCDA
3765,COSM
3766,ATER
3767,MAXN
3768,JSPR
3769,EBON
3770,PHIO
3771,BIVI
3772,CMCT
3773,BFRI
3774,REE
3775,XWEL
3776,SURG
3777,RVYL
3778,CENN
3779,HTOO
3780,AQMS
3781,SNBR
3782,RVPH
3783,SYBX
3784,GOCO
3785,APRE
3786,SEAC
3787,BCLI
3788,PMCB
3789,KXIN
3790,VVOS
3791,WKSP
3792,VISL
3793,NXTC
3794,XBIO
3795,YCBD
3796,ERNA
3797,EVGN
3798,GNPX
3799,ACXP
3800,NVNO
3801,GURE
3802,ADIL
3803,BCAB
3804,BMRA
3805,ORGN
3806,GP
3807,DXYN
3808,ORGS
3809,MBIO
3810,TCRT
3811,AQB
3812,FTFT
3813,CLGN
3814,AEMD
3815,XAIR
3816,GLMD
3817,FRSX
3818,ALZN
3819,CONX
3820,BKYI
3821,UGRO
3822,HYFM
3823,RDHL
3824,OCG
3825,CNET
3826,RBOT
3827,LMFA
3828,BTCY
3829,ITP
3830,EGRX
3831,SQFT
3832,NOTV
3833,SBEV
3834,AUMN
3835,VCNX
3836,SGLY
3837,LGHL
3838,FCUV
3839,XXII
3840,EGLE
3841,RKDA
3842,BPTH
3843,FXLV
3844,JAGX
3845,VINO
3846,NVVE
3847,STKH
3848,HEPA
3849,PPBT
3850,PRPH
3851,LYRA
3852,LGMK
3853,XELA
3854,PTPI
3855,CARM
3856,AMPE
3857,GMBL
3858,HALL
3859,SVVC
3860,MARK
3861,SANW
3862,BBIG
3863,ENSV
3864,TTOO
3865,ADTX
3866,TRVN
3867,ARDS
3868,NMRD
3869,BTTX
3870,COMS
3871,ELYS
3872,USDP
3873,EBET
3874,AFIB
3875,ALPP
3876,SYRS
3877,EVLO
3878,TBIO
3879,KBNT
3880,EFTR
3881,GROM
3882,CLVR
